{
  "fold": 2,
  "best_dice": 0.802722110159859,
  "final_metrics": {
    "dice": 0.779451809312066,
    "iou": 0.6411423590370222,
    "accuracy": 0.9780990809871074,
    "precision": 0.7070895298101577,
    "recall": 0.8945260823582366,
    "f1": 0.7794513225960129,
    "hd95": 4.517630724086245
  }
}