{
  "fold": 2,
  "best_dice": 0.8158554775874669,
  "final_metrics": {
    "dice": 0.7989618797133682,
    "iou": 0.6675046824542248,
    "accuracy": 0.9801591697179172,
    "precision": 0.7409847582344656,
    "recall": 0.8865954448885746,
    "f1": 0.7989613887240603,
    "hd95": 4.363427827835229
  }
}