{
  "fold": 4,
  "best_dice": 0.8404643787701083,
  "final_metrics": {
    "dice": 0.8260639924116352,
    "iou": 0.7070469333066215,
    "accuracy": 0.9790475251244717,
    "precision": 0.7492563731346273,
    "recall": 0.9308202231542984,
    "f1": 0.8260635010990327,
    "hd95": 3.8650918684019326
  }
}