{
  "fold": 1,
  "best_dice": 0.8683659315385724,
  "final_metrics": {
    "dice": 0.8567726047910894,
    "iou": 0.7531792917469233,
    "accuracy": 0.9780708516685708,
    "precision": 0.8872354696915143,
    "recall": 0.8463588682769478,
    "f1": 0.8567721109857468,
    "hd95": 3.0000654177508754
  }
}