{
  "fold": 0,
  "best_dice": 0.8679668061984661,
  "final_metrics": {
    "dice": 0.8456968149711794,
    "iou": 0.7352518108793374,
    "accuracy": 0.9698115066743233,
    "precision": 0.8696170510936916,
    "recall": 0.836044927216058,
    "f1": 0.8456963193141404,
    "hd95": 2.8035515877317665
  }
}