{
  "fold": 2,
  "best_dice": 0.7929159836596317,
  "final_metrics": {
    "dice": 0.7769655305735418,
    "iou": 0.6386388689828076,
    "accuracy": 0.9776701891511456,
    "precision": 0.6907953281875792,
    "recall": 0.9073649999225567,
    "f1": 0.7769650444838523,
    "hd95": 4.41444406053048
  }
}