{
  "fold": 3,
  "best_dice": 0.8443833977604674,
  "final_metrics": {
    "dice": 0.8342047273194227,
    "iou": 0.7178749504095495,
    "accuracy": 0.9766260979714408,
    "precision": 0.7859878768001317,
    "recall": 0.8977244292913487,
    "f1": 0.8342042320269316,
    "hd95": 3.2532993234782484
  }
}