{
  "fold": 0,
  "best_dice": 0.8819737791022016,
  "final_metrics": {
    "dice": 0.8515623046646332,
    "iou": 0.7475990826364054,
    "accuracy": 0.9706544580593915,
    "precision": 0.7793625210242037,
    "recall": 0.9519932406294824,
    "f1": 0.8515618134367838,
    "hd95": 17.388627975695872
  }
}