{
  "fold": 2,
  "best_dice": 0.7548044947758656,
  "final_metrics": {
    "dice": 0.7348037148998843,
    "iou": 0.5836973621881696,
    "accuracy": 0.9735183049913059,
    "precision": 0.641487588227994,
    "recall": 0.8806824226361706,
    "f1": 0.7348032320480599,
    "hd95": 4.814707166512414
  }
}