{
  "fold": 0,
  "best_dice": 0.8626682115004929,
  "final_metrics": {
    "dice": 0.8469009818795282,
    "iou": 0.7357413064787951,
    "accuracy": 0.972593817912357,
    "precision": 0.8972708921973079,
    "recall": 0.8122365097957672,
    "f1": 0.8469004865152586,
    "hd95": 2.8932532463401324
  }
}