{
  "fold": 2,
  "best_dice": 0.811420134719134,
  "final_metrics": {
    "dice": 0.7848948544755432,
    "iou": 0.6488543204845517,
    "accuracy": 0.9786093847412718,
    "precision": 0.7248370570104474,
    "recall": 0.8843365512100795,
    "f1": 0.7848943666880273,
    "hd95": 4.455349143025003
  }
}