{
  "fold": 3,
  "best_dice": 0.8480127521659645,
  "final_metrics": {
    "dice": 0.8422708551284037,
    "iou": 0.7291190021994277,
    "accuracy": 0.9783186897773861,
    "precision": 0.8081147419355863,
    "recall": 0.8855151495125874,
    "f1": 0.8422703578725165,
    "hd95": 3.1694635419474504
  }
}