{
  "fold": 4,
  "best_dice": 0.8556992765960064,
  "final_metrics": {
    "dice": 0.8434844681289492,
    "iou": 0.7315711161083891,
    "accuracy": 0.9813569960046987,
    "precision": 0.7847776322019712,
    "recall": 0.9185935679175778,
    "f1": 0.8434839731117647,
    "hd95": 3.7197495305951254
  }
}