{
  "fold": 3,
  "best_dice": 0.8413223583024368,
  "final_metrics": {
    "dice": 0.8387957665773688,
    "iou": 0.7242653114299169,
    "accuracy": 0.9757591342040259,
    "precision": 0.8216550326403841,
    "recall": 0.8694861649911274,
    "f1": 0.8387952706981907,
    "hd95": 3.2670919434309713
  }
}