{
  "fold": 4,
  "best_dice": 0.8479398516134704,
  "final_metrics": {
    "dice": 0.8299509975207949,
    "iou": 0.7132853473350592,
    "accuracy": 0.9794569640863137,
    "precision": 0.7695577660446725,
    "recall": 0.9156803040083695,
    "f1": 0.8299505054702382,
    "hd95": 3.8379056801689866
  }
}