{
  "fold": 1,
  "best_dice": 0.8760654823836324,
  "final_metrics": {
    "dice": 0.85998902138053,
    "iou": 0.759571514105257,
    "accuracy": 0.975694887846419,
    "precision": 0.8398575749732322,
    "recall": 0.8972462465086958,
    "f1": 0.859988527038353,
    "hd95": 2.619881460990093
  }
}