{
  "fold": 3,
  "best_dice": 0.8462630004182885,
  "final_metrics": {
    "dice": 0.8360259636207528,
    "iou": 0.7213258773829168,
    "accuracy": 0.976889453805268,
    "precision": 0.8013321967057274,
    "recall": 0.8850434022759863,
    "f1": 0.836025468144461,
    "hd95": 3.2294636957942116
  }
}