{
  "fold": 0,
  "best_dice": 0.8602590779532876,
  "final_metrics": {
    "dice": 0.8486579744677805,
    "iou": 0.739257126327227,
    "accuracy": 0.9712017005598041,
    "precision": 0.8695099284875824,
    "recall": 0.8429202108819065,
    "f1": 0.8486574790177525,
    "hd95": 2.7572770984099395
  }
}