{
  "fold": 0,
  "best_dice": 0.8610465357959958,
  "final_metrics": {
    "dice": 0.8524135026831736,
    "iou": 0.7439431213731741,
    "accuracy": 0.9730248357208682,
    "precision": 0.8829087945741657,
    "recall": 0.8338351151314727,
    "f1": 0.8524130061839303,
    "hd95": 2.732813525530266
  }
}