{
  "fold": 4,
  "best_dice": 0.8041304103532624,
  "final_metrics": {
    "dice": 0.7462814503174822,
    "iou": 0.6059602196388636,
    "accuracy": 0.9648798020159612,
    "precision": 0.6441131856483769,
    "recall": 0.9173469300456747,
    "f1": 0.7462809746533764,
    "hd95": 4.243543118486333
  }
}