{
  "fold": 3,
  "best_dice": 0.7768413309901423,
  "final_metrics": {
    "dice": 0.7510062408626811,
    "iou": 0.6133305893008727,
    "accuracy": 0.9629846460678998,
    "precision": 0.6707120822993491,
    "recall": 0.8831764165600394,
    "f1": 0.751005760051798,
    "hd95": 3.728891287346125
  }
}