{
  "fold": 1,
  "best_dice": 0.8669561614483432,
  "final_metrics": {
    "dice": 0.8493833179561586,
    "iou": 0.7427021991433552,
    "accuracy": 0.9765495837313457,
    "precision": 0.8848252826710639,
    "recall": 0.8401105774978459,
    "f1": 0.849382826097867,
    "hd95": 3.115134782640811
  }
}