{
  "fold": 4,
  "best_dice": 0.8374923143373788,
  "final_metrics": {
    "dice": 0.7967096862960855,
    "iou": 0.6653154014175461,
    "accuracy": 0.9737365753924261,
    "precision": 0.6901824513935026,
    "recall": 0.9504333540541728,
    "f1": 0.796709201115894,
    "hd95": 4.11113673993627
  }
}