{
  "fold": 0,
  "best_dice": 0.8190615177461528,
  "final_metrics": {
    "dice": 0.8102611458307567,
    "iou": 0.6827014384718502,
    "accuracy": 0.9666178313779159,
    "precision": 0.8644559005934517,
    "recall": 0.7731323193793878,
    "f1": 0.8102606511154747,
    "hd95": 3.3224891136123813
  }
}