{
  "fold": 1,
  "best_dice": 0.8537810043927031,
  "final_metrics": {
    "dice": 0.847890395399176,
    "iou": 0.7395774328933106,
    "accuracy": 0.9749840116037906,
    "precision": 0.8415413382504273,
    "recall": 0.8716660108222042,
    "f1": 0.8478899009091017,
    "hd95": 2.87593567944945
  }
}