{
  "fold": 1,
  "best_dice": 0.8312118434584551,
  "final_metrics": {
    "dice": 0.818546579982845,
    "iou": 0.6965438667106428,
    "accuracy": 0.973346052817928,
    "precision": 0.8636695490962728,
    "recall": 0.7945720471293138,
    "f1": 0.8185460866535642,
    "hd95": 3.401305388594477
  }
}